0,0011680591259640057 -1,3877787807814457e-17
0,002085014400647428 0,0010009645061728537
0,002648566183471389 0,001947241512345689
0,0033564740431305355 0,0031264467592592576
0,004216369727696848 0,004156057098765431
0,004931113431876608 0,005183159722222233
0,005625974423974105 0,006193190586419754
0,006407678163381891 0,007389467592592604
0,007192788667523563 0,008629918981481487
0,008445938809149765 0,009818913966049378
0,008779158335713605 0,010838734567901229
0,00946248244549176 0,011699170524691355
0,009845453382366937 0,012665027006172842
0,01023485105446063 0,013714216820987668
0,010620473763448535 0,01471445794753086
0,010861137889174515 0,015714699074074058
0,011269669479355104 0,016771251286008218
0,0122728203648164 0,017778774434156375
0,01310934227125583 0,01897752700617284
0,013555810690993052 0,02005377121913579
0,014947901789964777 0,02092399691358024
0,017490359897172233 0,021645833333333336
0,020968986539560124 0,021576099537037027
0,02383266983242883 0,020588155864197523
0,025648750654574882 0,01942370756172839
0,02745538972991844 0,018374485596707818
0,028941649112158425 0,020232735339506154
0,029196676693563742 0,02141922260802468
0,02977364354232125 0,022539448302469144
0,030585361027801582 0,023657310956790134
0,03115878846123329 0,024740901491769544
0,0318502426885969 0,025706757973251032
0,032544723085070934 0,0267118537808642
0,03293586505046177 0,02754292052469135
0,033524957650988604 0,028354327417695474
0,03385247816100162 0,02930796682098765
0,03453750565314671 0,030190489969135797
0,03522253314529182 0,031073013117283946
0,03562010184590117 0,03198741319444444
0,03615865457091624 0,03285027649176955
0,037387982153908414 0,033730372299382715
0,039738880409168814 0,03455164930555554
0,04401102661144436 0,03512770061728395
0,048117955881652866 0,03447810570987653
0,05127912486313434 0,03358830054012343
0,053430287279031374 0,032534175668724255
0,05494801336522899 0,034318962191357966
0,0559802779562982 0,03570399305555551
0,056379315731219654 0,036878182870370334
0,057096476899457294 0,03817737268518517
0,05783561095639342 0,03952073688271604
0,05886828465676475 0,040670331790123464
0,060172696193944594 0,04182494212962962
0,062432320924180384 0,04288400205761316
0,06685288578263353 0,04372251157407407
0,07226939996310579 0,04335479359567901
0,07669845569916532 0,04218303112139917
0,08031823992748104 0,04087882587448559
0,08167320497714939 0,04220746527777777
0,0828576507902504 0,04344540895061728
0,08423312089403028 0,044808449074074067
0,08564101476958964 0,04611506558641974
0,08734003826287728 0,047205922067901224
0,08975638656812339 0,048176793981481475
0,09369438344996668 0,04863763503086419
0,09844741532181281 0,04766676311728394
0,10224868787489289 0,046595486111111105
0,10523457583547559 0,04539583333333333
0,10797402379082167 0,044352527006172836
0,1096234483599924 0,04574006558641974
0,11035313571122536 0,046960937499999994
0,11137556680234219 0,04821846064814814
0,11208308786775205 0,049392650462962956
0,11436202751594783 0,05046141975308641
0,11967642925434012 0,05113075488683127
0,12322257628772733 0,050510609567901224
0,1256279009568695 0,049458912037037034
0,12819278197300768 0,048355758101851845
0,13026974063957927 0,04728698881172839
0,1328579111325335 0,046245081018518513
0,13516991920959096 0,047517328960905346
0,13599614395886883 0,048576388888888884
0,13668684319361132 0,04953245563271604
0,13801628850090442 0,05053018904320987
0,14026475694444437 0,051444589120370365
0,14495428389507753 0,05177064043209876
0,14831266215605066 0,0510768711419753
0,15173845047248402 0,05007663001543209
0,15489797805785646 0,04891708461934156
0,1569808303778285 0,04768399562757201
0,1588522698871751 0,046536747685185176
0,160994920350138 0,04795867091049382
0,16216254433257157 0,04897849151234567
0,16326478149100215 0,049854166666666665
0,16465086240240884 0,051123312114197524
0,16983618519708665 0,051998553240740736
0,1742975742049891 0,05124604552469135
0,1768976497786346 0,05035850694444444
0,1789978979220222 0,04935098379629629
0,18077601340093308 0,04840721450617283
0,182587854363039 0,047419270833333325
0,18467067197070675 0,046426472479423865
0,18634645309673412 0,04767428626543209
0,1876506712367895 0,04882638888888888
0,1885573194365102 0,04975543338477365
0,1912210257634723 0,05064050443672839
0,19671240508664187 0,051243537808641965
0,20051538102208893 0,05019434799382715
0,2033361276738392 0,049115708590534976
0,2051733284537751 0,04799054783950617
0,2072357302675427 0,04673302469135802
0,20899792023707509 0,045573495370370365
0,2108380492478338 0,04660050154320987
0,21246931680234213 0,04775260416666666
0,21441346371274866 0,04872096836419752
0,21628002118442338 0,04962307098765431
0,22152477640317053 0,050329137731481476
0,22597368013900787 0,04941473765432098
0,22837730142578314 0,04834095293209876
0,2298605829881938 0,04733342978395061
0,23164478551762982 0,046227848508230446
0,2332357545661556 0,045203092849794235
0,23460756748071968 0,04416377314814814
0,23704013511020652 0,04558569637345679
0,23915324416238212 0,046865306712962955
0,2411340956155383 0,048068865740740735
0,24585024318448698 0,04898083847736625
0,25180199258545183 0,048260127314814806
0,25303280907835857 0,0472721836419753
0,25386712427401703 0,04609047067901234
0,25470523302865855 0,04495794753086419
0,2554697616157289 0,04357040895061728
0,2565350301699514 0,04208246527777777
0,25880543059125954 0,04328124999999999
0,26152793770232313 0,04446272183641974
0,26415031965073477 0,04575948431069958
0,26904117424783397 0,04704176311728395
0,2739337979327337 0,046482783564814806
0,2762189820765496 0,04551215277777777
0,27813774189517293 0,04427170138888888
0,2789721165976388 0,042850019290123456
0,280398271624774 0,041342496141975306
0,2828104544534894 0,039898244598765426
0,2844574144490463 0,04125382587448559
0,2863229888186709 0,04238392168209876
0,2878863665440826 0,04335479359567901
0,28969405318718455 0,04443335262345678
0,2941028530538894 0,04536005015432098
0,2989090207857279 0,04507817322530863
0,30099225370132343 0,04385001929012345
0,3026237419269097 0,04264387217078189
0,30406596379209117 0,04134468235596707
0,3052018024612013 0,04029031635802473
0,3062518707452631 0,03908675733024693
0,3084785522588783 0,03783902391975308
0,31109075234456807 0,039229070216049364
0,3133535433328572 0,04056992669753086
0,31497687416690473 0,04161911651234568
0,31744447023072775 0,04278845164609053
0,32166537487305213 0,04362445344650205
0,32628233947046864 0,04276887217078189
0,32867250478038024 0,04176134902263374
0,3305851304389222 0,04067283950617283
0,3314377266217599 0,039542984825102837
0,33187631162921694 0,038581822273662546
0,33272727385429557 0,03761596579218106
0,33390622768494704 0,03666232638888889
0,3359040869275445 0,0355077160493827
0,3378300135973054 0,03717963927469134
0,33916168297153193 0,03844695216049383
0,3405633658240503 0,039915316358024706
0,3421535997155575 0,041001398533950614
0,3451303087510711 0,042178096064814805
0,34957740496762824 0,04242081404320987
0,3532819603625156 0,041275993441358017
0,355299889515694 0,0401408822016461
0,35729513045875777 0,03894460519547325
0,35839004704013144 0,0378488136574074
0,3588010295669491 0,03681677597736625
0,36001593294772927 0,035630208333333344
0,3613334459003775 0,03458587319958849
0,3628882372893459 0,03357349537037037
0,36411432299105007 0,03511062885802467
0,36497322937494053 0,036368152006172834
0,3653497735765972 0,037250675154320984
0,36603480106874237 0,038133198302469126
0,3670533047105589 0,039099054783950614
0,36852941198348094 0,040118875385802465
0,37342121744977624 0,040947434413580244
0,37803912423831276 0,0401040702160494
0,3804213528277635 0,03899363425925926
0,3809808879010758 0,038008198302469126
0,38192668414183245 0,036858442644032915
0,3830820174890505 0,03559080825617289
0,384455921819956 0,03434558256172842
0,3865168136484813 0,033068479938271604
0,38786098069202446 0,034497845936213946
0,3897329817968676 0,03571127507716046
0,39117899846075715 0,03703999485596704
0,39315224667952003 0,03838570601851851
0,395719786906122 0,0394374035493827
0,4004410322249199 0,040415477109053494
0,4044421311172999 0,03981491126543209
0,4065357591283443 0,03872154706790123
0,4086191792424387 0,03749582047325102
0,4099321510818337 0,03615957754629634
0,41075107261020644 0,035009741512345746
0,41131843282871555 0,03389429012345687
0,4124717491431009 0,03256192129629608
0,413597078662049 0,031440731095679006
0,4152290888119269 0,03330925282921798
0,41661443456631436 0,034556520061728394
0,41768028331191087 0,035904803240740746
0,41869950103541853 0,03712065972222224
0,4198849361491954 0,03813069058641976
0,4211869302223174 0,03901321373456791
0,42479908270256117 0,039961902006172854
0,42805214135247077 0,03930989583333333
0,4301847165690755 0,03872154706790123
0,4318055815897839 0,037618393132716046
0,4331066198348092 0,036368152006172834
0,4342695068274144 0,03520617926954732
0,4355886487789201 0,03418142361111111
0,436919637544035 0,033088059413580256
0,43808021864784663 0,032136927726337444
0,4394410413988859 0,03142115162037036
0,4409315121274873 0,03262721836419753
0,44193787638055787 0,03367640817901235
0,4426261172403123 0,03460059799382717
0,44302515501523376 0,035774787808642
0,4434433391054936 0,036956500771604936
0,4447453331786156 0,03783902391975308
0,44576195243819217 0,038780446244855944
0,44956440273017223 0,03960407021604938
0,45398751770327533 0,03883675733024691
0,4560445948974897 0,0379762409979424
0,4580596838403313 0,0370373263888889
0,45921912935589837 0,036071469907407415
0,4608289967747312 0,03506645447530863
0,4618088916559554 0,03411038773148147
0,46303707621235196 0,03285529192386829
0,46439792127844426 0,031440731095679006
0,46580494858611826 0,032791666666666656
0,4666890486646672 0,03384809027777776
0,46800389620822624 0,03489728009259259
0,4687681966858675 0,03610091949588477
0,4695957033109588 0,03741734182098766
0,4715468447507062 0,038476401748971184
0,47433072507557367 0,03927312403549382
0,47838671093973156 0,03844444444444446
0,48079071902075593 0,037375675154320984
0,4822554344592022 0,036368152006172834
0,48309354321384385 0,03523562885802467
0,4836769578731472 0,03407835005144036
0,48465794743168616 0,03291888503086421
0,4859389504784348 0,031408854166666667
0,4879343773802722 0,03280140817901231
0,48958039518470914 0,03414477237654318
0,4903039830881653 0,03552729552469135
0,4913007072384081 0,03645148533950617
0,49215795115086164 0,03744671103395063
0,493527119731664 0,03849347350823047
0,4963205750737884 0,039412808641975314
0,5006481754221016 0,039280446244855965
0,5017258685018565 0,03842737268518518
0,5030609372024659 0,037618393132716046
0,5043718089474436 0,03649565972222221
0,5060973650385604 0,035250000000000004
0,50739235218509 0,034041666666666665
0,5092166747000857 0,0327155671296296
0,5111384544891935 0,03151427469135802
0,512165608933162 0,0328330439814815
0,5128544299842902 0,03376475694444443
0,5138704343401886 0,03493894675925925
0,5147570262663048 0,036073977623456786
0,5161004668309054 0,037253182870370355
0,5169717060006664 0,038429880401234545
0,5182872750642673 0,03931249999999999
0,5215641289988575 0,040089409722222226
0,5249935658264304 0,03960407021604938
0,5283228303817956 0,038532793209876536
0,5305899975998921 0,03756928369341565
0,5323599829612174 0,036520093878600834
0,5332088674069315 0,03552729552469135
0,5339856742319654 0,034531989454732515
0,5347696491478622 0,03340432098765432
0,5356206113729406 0,03243846450617284
0,5358875365966864 0,03165885416666668
0,5364203754284487 0,030567997685185186
0,5369628543630388 0,029602141203703698
0,5375117600328474 0,028719618055555552
0,5377915660009835 0,027640978652263372
0,5380623207357422 0,026437258873456798
0,5383491348701956 0,02521646733539095
0,5388755469667396 0,024042277520576118
0,5390838356699671 0,022743087705761285
0,5393011842846486 0,021561374742798352
0,5393966827930117 0,020438560956790135
0,5399263082571647 0,01930603780864197
0,5401667306364848 0,01842351466049382
0,5406963561006379 0,017290991512345665
0,5412212582119393 0,016097222222222186
0,5414497569146909 0,015060088734567906
0,5416708544582504 0,013917727623456791
0,5417728243319371 0,01288808513374487
0,5429258431122854 0,011838895318930044
0,5435396657502617 0,010858314043209874
0,543883272933924 0,009892457561728393
0,5444225385009047 0,008884934413580237
0,5449521639650577 0,00775241126543208
0,5457889375357041 0,006602575231481486
0,5470082233449176 0,00546511702674897
0,5495848086062709 0,004288419495884772
0,5518696270311656 0,0028469971707818925
0,5547248405217556 0,0015084876543209821
0,5579274845083944 0,0006749935699588427
0,5641566298517884 0,0007240226337448599
0,5709913982909643 0,0006259645061728394
0,5775252457631153 0,0006259645061728394
0,5840666555587293 0,0007240226337448599
